location_name,operated_by,website,phone,Marked accessible by ODS,In GTA?,Assigned,Status,Contact email,Contact phone,Questions,Wheelchair-accessible entrance,Portable ramp at entrance,Automatic doors,Wheelchair-accessible bathrooms,Disability-sensitivity training,Information available in braille or audio,Personalized or individual service is offered,Accessible parking,Queue accomodations,Marked accessible by ODS,In GTA?,Assigned,Status,Contact email,Contact phone,Questions,Wheelchair-accessible entrance,Portable ramp at entrance,Automatic doors,Wheelchair-accessible bathrooms,Disability-sensitivity training,Information available in braille or audio,Personalized or individual service is offered,Accessible parking,Queue accomodations,saturday,sunday,age_threshold,french_language_services,asl_interpretation,paid_parking,public_transit,additional_information,additional_information_fr,first_nations,free_parking,weeks_pregnant,general_population,holiday_hours,email,temporarily_closed
Milton District Hospital,Halton Healthcare Services - Milton,https://www.haltonhealthcare.on.ca/,905-203-7963,,Yes,Philip,Sent email,pr@haltonhealthcare.on.ca,905-878-2383,,,,,,,,,,,,Yes,Philip,Sent email,pr@haltonhealthcare.on.ca,905-878-2383,,,,,,,,,,,9:00-16:30,9:00-16:30,,,,,,,,,,,,,,
Oakville Trafalgar Memorial Hospital,Halton Healthcare Services - Oakville,https://www.haltonhealthcare.on.ca/,905-203-7963,,Yes,Philip,Sent email,pr@haltonhealthcare.on.ca,905-845-2571,,,,,,,,,,,,Yes,Philip,Sent email,pr@haltonhealthcare.on.ca,905-845-2571,,,,,,,,,,,9:00-16:30,9:00-16:30,,,,,,,,,,,,,,
Georgetown Hospital,Halton Healthcare Services - Georgetown,https://www.haltonhealthcare.on.ca/,905-203-7963,,No,Philip,Sent email,pr@haltonhealthcare.on.ca,905-873-0111,,,,,,,,,,,,No,Philip,Sent email,pr@haltonhealthcare.on.ca,905-873-0111,,,,,,,,,,,9:00-16:30,9:00-16:30,,,,,,,,,,,,,,
MacKenzie Health,MacKenzie Health,https://www.mackenziehealth.ca/en/about-us/get-the-latest-information-on-covid-19.aspx,905-883-1212 ext. 2004,,Yes,Philip,Sent email,patientrelations@mackenziehealth.ca,Richmond Hill: 905-883-1212 (there is a second assessment centre without a phone number associated),,,,,,,,,,,,Yes,Philip,Sent email,patientrelations@mackenziehealth.ca,Richmond Hill: 905-883-1212 (there is a second assessment centre without a phone number associated),,,,,,,,,,,10:00-17:30,10:00-17:30,6m,,,,,,,,,20,,,,
Southlake Regional Health Centre,Southlake Regional Health Centre,https://southlake.ca/covid-19/#assessment-centre,905-895-4521,,Yes,Philip,Sent email,"Kathryn Perrier, manager of corporate communications: kperrier@southlakeregional.org",Main hospital phone: 905-895-4521,,,,,,,,,,,,Yes,Philip,Sent email,"Kathryn Perrier, manager of corporate communications: kperrier@southlakeregional.org",Main hospital phone: 905-895-4521,,,,,,,,,,,9:00-21:00,9:00-21:00,0m,Yes,Yes,Yes,Yes,"Located in the tent in the parking lot. When you arrive, go to the main entrance of the Emergency Department.","Situé dans la tente dans le stationnement. À votre arrivée, dirigez-vous vers l’entrée principale du service des urgences.",,,,,,,
Credit Valley – Drive-Thru,Trillium Health Partners,https://trilliumhealthpartners.ca/covid-19/A/assessment.html#starthere,,Yes,Yes,Philip,Covered Big IDeA features + queuing,Patient.Relations@thp.ca,Credit Valley hospital: (905) 813-2200,,Yes,No,Yes,Yes,Yes,No,No (Except language line for interpretation),Yes,It is possible to reserve time slots,Yes,Yes,Philip,Covered Big IDeA features + queuing,Patient.Relations@thp.ca,Credit Valley hospital: (905) 813-2200,,Yes,No,Yes,Yes,Yes,No,No (Except language line for interpretation),Yes,It is possible to reserve time slots,8:30-19:30,8:30-19:30,1y,Yes,No,,Yes,Drive-through only.,,,Yes,,,,,
Credit Valley Hospital – Valley House,Trillium Health Partners - Credit Valley Hospital,https://trilliumhealthpartners.ca/covid-19/A/assessment.html#starthere,,,Yes,Philip,Covered Big IDeA features + queuing,Patient.Relations@thp.ca,Credit Valley hospital: (905) 813-2200,,No,No,No,No,Yes,No,No (Except language line for interpretation),Yes,No,,Yes,Philip,Covered Big IDeA features + queuing,Patient.Relations@thp.ca,Credit Valley hospital: (905) 813-2200,,No,No,No,No,Yes,No,No (Except language line for interpretation),Yes,No,8:30-19:30,8:30-19:30,1y,Yes,No,,Yes,,,,Yes,,,,,
Trillium Health Partners - Clinical Administrative Building,Trillium Health Partners - Clin Admin Bldg,https://trilliumhealthpartners.ca/covid-19/A/assessment.html#starthere,,,No,Philip,Covered Big IDeA features + queuing,Patient.Relations@thp.ca,Missisauga hospital: (905) 848-7100,,Yes,No,Yes,Yes,Yes,No,No (Except language line for interpretation),Yes,No,,No,Philip,Covered Big IDeA features + queuing,Patient.Relations@thp.ca,Missisauga hospital: (905) 848-7100,,Yes,No,Yes,Yes,Yes,No,No (Except language line for interpretation),Yes,No,8:30-19:30,8:30-19:30,1y,No,No,,Yes,,,,Yes,,,,,
William Osler Health System - Humber College,William Osler Health System - Etobicoke,https://www.williamoslerhs.ca/patients-and-families/preparing-for-your-visit-or-stay/coronavirus-information-for-patients-families/assessment-centre-for-covid-19,,Yes,Yes,Philip,"Drive-through centre, by appointment only",https://www.williamoslerhs.ca/about-osler/contact-us/contact-us,Hospital's main line: 905/416-494-2120.,,,,,,,,,,,Yes,Yes,Philip,"Drive-through centre, by appointment only",https://www.williamoslerhs.ca/about-osler/contact-us/contact-us,Hospital's main line: 905/416-494-2120.,,,,,,,,,,,8:00-18:00,8:00-18:00,2y,No,No,,Yes,,,,Yes,,,,,
"William Osler Health System - South Fletcher's Sportsplex, Brampton",William Osler Health System,https://www.williamoslerhs.ca/patients-and-families/preparing-for-your-visit-or-stay/coronavirus-information-for-patients-families/assessment-centre-for-covid-19,,,Yes,Philip,"Drive-through centre, by appointment only",https://www.williamoslerhs.ca/about-osler/contact-us/contact-us,Hospital's main line: 905/416-494-2120.,,,,,,,,,,,,Yes,Philip,"Drive-through centre, by appointment only",https://www.williamoslerhs.ca/about-osler/contact-us/contact-us,Hospital's main line: 905/416-494-2120.,,,,,,,,,,,8:00-18:00,8:00-18:00,2y,No,No,,Yes,Signs are posted at entry points. Enter off of McLaughlin Road.,,,Yes,,,,,
Lakeridge Health - Oshawa,Lakeridge Health,https://www.lakeridgehealth.on.ca/,,,Yes,Philip,Collected hospital contact info,,"Lakeridge Health, Oshawa hospital: 905-576-8711",,,,,,,,,,,,Yes,Philip,Collected hospital contact info,,"Lakeridge Health, Oshawa hospital: 905-576-8711",,,,,,,,,,,,8:00-16:00,0m,Yes,Yes,Yes,Yes,"Please complete the online registration form. Patients will be called or emailed with an appointment time. Yes there is a separate entrance leading into the Hospital, the clinic is located right near that entrance so no other population can access.  Parking is free for the first 30 minutes. We have interpretation services for most languages.  We also have swabbed patients in their cars if it is warranted.",,,,,,,,
Lakeridge Health - Ajax Pickering,Lakeridge Health,https://www.lakeridgehealth.on.ca/,,,Yes,Philip,Collected hospital contact info,,"Lakeridge Health, Ajax Pickering Hospital: 905-683-2320",,,,,,,,,,,,Yes,Philip,Collected hospital contact info,,"Lakeridge Health, Ajax Pickering Hospital: 905-683-2320",,,,,,,,,,,8:00-16:00,,18y,No,No,,Yes,Please complete the online registration form. Patients will be called or emailed with an appointment time. Separate building on hospital property.,,,Yes,,,,,
Kirkland and District Hospital,Kirkland Lake Hospital,,705-568-2127,Yes,No,Philip,"Drive-through centre, by appointment only",,,,,,,,,,,,,Yes,No,Philip,"Drive-through centre, by appointment only",,,,,,,,,,,,,,,,,,,,,,,,,,,,
Collingwood Health Centre,Georgian Bay Family Health Team and Collingwood General & Marine Hospital,www.gbfht.ca/cac,705-444-5885,Yes,No,Philip,Sent email,info@gbfht.ca,Collingwood Health Centre: 705-444-5885,,,,,,,,,,,Yes,No,Philip,Sent email,info@gbfht.ca,Collingwood Health Centre: 705-444-5885,,,,,,,,,,,,,0m,No,No,Yes,Yes,"Located in the tent in the parking lot of the Family Health Team, next to the hospital. There is no parking fee if client arrives at their appointment time and is directed through the drive-through. Please call to schedule an appointment","Situé dans la tente dans le stationnement de l’Équipe de Santé Familiale, à côté de l’hôpital.",,,,,,,
Midland Assessment Centre,Georgian Bay General Hospital,http://gbgh.on.ca/covid-19-self-assessment-tool/,705-529-1025,,No,Philip,Collected hospital contact info,,"Georgian Bay General Hospital, Midland site: 705-526-1300",,,,,,,,,,,,No,Philip,Collected hospital contact info,,"Georgian Bay General Hospital, Midland site: 705-526-1300",,,,,,,,,,,8:00-20:00,,0m,Yes,No,,Yes,Please call to schedule an appointment after completing the self-assessment tool on the hospital's website. Follow signs on windows and directional signs to the entrance. Clients will see a greeter at the door when they pull up into the parking lot.,,Beausoleil First Nation,Yes,,,,,
Headwaters Health Care Centre,Headwaters Health Care Centre,https://www.wdgpublichealth.ca/your-health/covid-19-information-public/assessment-centres-wdg,519-822-2715 ext. 7006,Yes,No,Philip,Sent email through contact form,,,,,,,,,,,,,Yes,No,Philip,Sent email through contact form,,,,,,,,,,,,,9:00-16:00,9:00-16:00,2y,No,No,Yes,Yes,Located in the driveway beside the health care centre.,Situé dans l’entrée à côté du le centre de soins de santé.,,,,,,,
Markham Stouffville Hospital,Markham Stouffville Hospital,https://www.msh.on.ca/about-us/covid-19-information-page#assessment,,,No,Philip,Covered Big IDeA features + queuing,myhospital@msh.on.ca,Markham site: 905-472-7373,,No,Yes,Tent,Accessible portable washrooms,Yes,Audio by phone,Yes,Yes,Yes,,No,Philip,Covered Big IDeA features + queuing,myhospital@msh.on.ca,Markham site: 905-472-7373,,No,Yes,Tent,Accessible portable washrooms,Yes,Audio by phone,Yes,Yes,Yes,9:00-19:00,9:00-19:00,0m,No,No,Yes,Yes,"Located in the trailer beside the main building. Park in lot 7 and follow signs across the road to the assessment centre. There are shaded areas to wait, hand sanitizing stations, and washrooms.",Situé dans la roulotte directement à côté du bâtiment principal.,,,,,,,
Bracebridge Rotary Centre,Muskoka Algonquin Healthcare,https://www.mahc.ca/en/services/covid19.aspx#,1-888-383-7009,,No,Philip,Marked inactive,,,,,,,,,,,,,,No,Philip,Marked inactive,,,,,,,,,,,,,,,0m,No,No,,No,,,Moose Deer Point and Wahta First Nations,Yes,,Yes,,,
Huntsville District Memorial Hospital,Muskoka Algonquin Healthcare,https://www.mahc.ca/en/services/covid19.aspx#,1-888-383-7009,,No,Philip,Marked inactive,,,,,,,,,,,,,,No,Philip,Marked inactive,,,,,,,,,,,,,,,0m,No,No,,No,,,Moose Deer Point and Wahta First Nations,Yes,,Yes,,,
Muskoka COVID-19 Assessment Centre,Muskoka Algonquin Healthcare,https://www.mahc.ca/en/services/muskoka-assessment-centre.aspx,,,No,Philip,Sent email,info@mahc.ca,,,,,,,,,,,,NULL,NULL,NULL,NULL,NULL,NULL,NULL,NULL,NULL,NULL,NULL,NULL,NULL,NULL,NULL,NULL,NULL,NULL,NULL,NULL,NULL,NULL,NULL,NULL,NULL,NULL,NULL,NULL,NULL,NULL,NULL,NULL
Humber River Hospital Assessment Centre,Humber River Hospital,https://www.hrh.ca/covid-19/,416-747-6740,,Yes,Philip,"Got forwarded to centre manager, left a message","Claudette Moulton, patien representative at HRH: cmoulton@hrh.ca",Centre manager Denise Scott:  416 243 4122,,,,,,,,,,,,Yes,Philip,"Got forwarded to centre manager, left a message","Claudette Moulton, patien representative at HRH: cmoulton@hrh.ca",Centre manager Denise Scott:  416 243 4122,,,,,,,,,,,10:00-18:00,10:00-18:00,6m,No,No,,Yes,Use the west entrance only.,Les patients doivent uniquement utiliser l’entrée ouest.,,Yes,,,,,
Michael Garron Hospital - Emergency Department,Michael Garron Hospital,https://www.tehn.ca/programs-services/covid-19-assessment-centre,416-469-6858,,Yes,Philip,Sent email,patient.relations@tehn.ca,Michael Garron Hospital patient relations line: 416-469-6096,,,,,,,,,,,,Yes,Philip,Sent email,patient.relations@tehn.ca,Michael Garron Hospital patient relations line: 416-469-6096,,,,,,,,,,,00:00-00:00,00:00-00:00,0m,Yes,Yes,Yes,Yes,Located in the Emergency Department off of Mortimer Avenue.,,,,,,,,
Michael Garron Hospital - Outpatient Clinic,Michael Garron Hospital,https://www.tehn.ca/programs-services/covid-19-assessment-centre,416-469-6858,,Yes,Philip,Marked inactive,,,,,,,,,,,,,,Yes,Philip,Marked inactive,,,,,,,,,,,,,8:00-20:00,8:00-20:00,0m,No,No,Yes,Yes,"The entrance is located on the north side of the building off of Mortimer Avenue, west of the Emergency Department. It cannot be accessed from inside the hospital.","Situé dans l’aile D, au 1er étage de l’hôpital (accès direct par l’avenue Mortimer, à l'ouest du services des urgences).",,,,,,,
Market Place Temporary Assessment Centre,Michael Garron Hospital,https://www.tehn.ca/programs-services/covid-19-assessment-centre,416-469-6858,,Yes,Philip,Marked inactive,,,,,,,,,,,,,,Yes,Philip,Marked inactive,,,,,,,,,,,,,,,,,,,,,,,,,,,,
Mount Sinai Hospital,Mount Sinai Hospital,https://www.sinaihealth.ca/covid19/,416-586-4800 ext. 4924 or 4893,,Yes,Philip,Was told they couldn't answer questions??,upasana.saha@sinaihealth.ca,General inquiries: 416-461-8252,,,,,,,,,,,,Yes,Philip,Was told they couldn't answer questions??,upasana.saha@sinaihealth.ca,General inquiries: 416-461-8252,,,,,,,,,,,,,18y,No,No,Yes,Yes,"Located on the ground floor in the Henneck Gallery, close to the Emergency Department.","Le centre sera au rez-de-chaussée dans la galerie Henneck, près du service des urgences.",,,,,,,
North York General Hospital - Branson,North York General Hospital - Branson,https://nygh.on.ca/covid-19-updates,416-756-6000,,Yes,Philip,Covered Big IDeA features + queuing,patientexperience@nygh.on.ca,Branson Ambulatory Care Centre: 416-633-9420,,Yes,No,Yes,Partial: there is a wheelchair-accessible washroom in the asymptomatic testing area,Yes,Audio information by phone,"No ASL interpretation, yes assassistance navigating the centre",Yes,Yes,,Yes,Philip,Covered Big IDeA features + queuing,patientexperience@nygh.on.ca,Branson Ambulatory Care Centre: 416-633-9420,,Yes,No,Yes,Partial: there is a wheelchair-accessible washroom in the asymptomatic testing area,Yes,Audio information by phone,"No ASL interpretation, yes assassistance navigating the centre",Yes,Yes,8:00-19:00,8:00-19:00,0m,Yes,Yes,Yes,Yes,"Located at the north entrance, immediately off of Finch Avenue.","Situé à l’entrée nord, immédiatement en sortant de avenue Finch.",,,,,,,
North York General Hospital - Emergency Department,North York General Hospital,,,,Yes,Philip,Sent email,patientexperience@nygh.on.ca,General site: 416-756-6000,,,,,,,,,,,,Yes,Philip,Sent email,patientexperience@nygh.on.ca,General site: 416-756-6000,,,,,,,,,,,08:00-20:00,08:00-20:00,0m,Yes,Yes,Yes,Yes,Located next to the Emergency Department in the converted Ambulance Bay.,,,,,,,,
Scarborough Health Network - Birchmount,Scarborough Health Network - Birchmount,https://www.shn.ca/covid19-assess/,416-495-2601,,Yes,Philip,Sent email,covidassessmentcentre@shn.ca,Birchmount: 416-495-2400 ext. 5424,,,,,,,,,,,,Yes,Philip,Sent email,covidassessmentcentre@shn.ca,Birchmount: 416-495-2400 ext. 5424,,,,,,,,,,,9:00-17:00,9:00-17:00,6m,Yes,Yes,,Yes,"Testing is only at Birchmount and Centenary sites, not Scarborough General Hospital. Centre is next to the Emergency Department.","Le dépistage est offert uniquement aux emplacements de Birchmount et de Centenary, pas à l’Hôpital général de Scarborough.",,Yes,,,,,
Scarborough Health Network Centenary Site,Scarborough Health Network Centenary Site,https://www.shn.ca/covid19-assess/,416-495-2601,,Yes,Philip,Sent email,covidassessmentcentre@shn.ca,Centenary: 416-284-8131 ext. 4742,,,,,,,,,,,,Yes,Philip,Sent email,covidassessmentcentre@shn.ca,Centenary: 416-284-8131 ext. 4742,,,,,,,,,,,10:00-19:00,10:00-19:00,6m,Yes,Yes,,Yes,"Testing is only at Birchmount and Centenary sites, not Scarborough General Hospital. Centre is nexto to the Emergency Department.","Le dépistage est offert uniquement aux emplacements de Birchmount et de Centenary, pas à l’Hôpital général de Scarborough.",,Yes,,,,,
Sunnybrook Health Sciences Centre,Sunnybrook Health Sciences Centre,https://sunnybrook.ca/content/?page=novel-coronavirus-covid-19-assessment-centre,416-480-6100 ext 1629,,Yes,Philip,Covered Big IDeA features + queuing,questions@sunnybrook.ca,Sunnybrook Bayview Campus contact: 416-480-6100,,Yes,No,Yes,Yes,Yes,No,Yes,Yes,Yes,,Yes,Philip,Covered Big IDeA features + queuing,questions@sunnybrook.ca,Sunnybrook Bayview Campus contact: 416-480-6100,,Yes,No,Yes,Yes,Yes,No,Yes,Yes,Yes,12:00-17:00,12:00-17:00,16y,No,No,Yes,Yes,"Use the underground entrance only. The assessment centre can be accessed by the south driveway of Sunnybrook, past the Emergency department and located at U Wing.",Les patients doivent uniquement utiliser l’entrée souterraine.,,,,,,,
Toronto Western Hospital,UHN - Toronto Western Hospital,https://www.uhn.ca/Covid19,,,Yes,Philip,Covered Big IDeA features + queuing,patientrelations@uhn.ca,Toronto Western Hospital general inquiries line: 416 603 2581,,Yes,No,Yes -- Security guard assists people,Yes,Yes,No,No,"Not on site, but we are right beside TWH, where there is accessible parking.  There is also a drop off circle driveway within 50 feet of the entrance.","the TWH CAC is currently operated on a first come, first serve basis. There is often a line, which can be up to one hour. We do not offer accommodated access outside of the queue. If someone is unable to wait in line, they are to speak to the security guard, who will arrange to hold the next place in line, and the person can wait at the benches or elsewhere.",,Yes,Philip,Covered Big IDeA features + queuing,patientrelations@uhn.ca,Toronto Western Hospital general inquiries line: 416 603 2581,,Yes,No,Yes -- Security guard assists people,Yes,Yes,No,No,"Not on site, but we are right beside TWH, where there is accessible parking.  There is also a drop off circle driveway within 50 feet of the entrance.","the TWH CAC is currently operated on a first come, first serve basis. There is often a line, which can be up to one hour. We do not offer accommodated access outside of the queue. If someone is unable to wait in line, they are to speak to the security guard, who will arrange to hold the next place in line, and the person can wait at the benches or elsewhere.",12:00-19:30,12:00-19:30,1y,Yes,Yes,Yes,Yes,Located in the building on the north-east corner of Bathurst and Dundas.,Situé dans le bâtiment sur le coin nord-est de Bathurst et de Dundas.,,No,,,,,
St. Joseph's Health Centre,Unity - St. Joseph's Health Centre (SJHC),https://unityhealth.to/patients-and-families/coronavirus-information-for-patients-and-families/,416-530-6720,,Yes,Philip,Sent email through their contact form,https://unityhealth.to/contact/,"St. Joseph's: 416-530-6000,",,,,,,,,,,,,Yes,Philip,Sent email through their contact form,https://unityhealth.to/contact/,"St. Joseph's: 416-530-6000,",,,,,,,,,,,8:00-20:00,8:00-20:00,1y,No,No,,Yes,Located on the main floor of the Sunnyside Building (use the east entrance off of Sunnyside Avenue).,"Situé dans l’édifice Sunnyside, entrée est du rez-de-chaussée sur l’avenue Sunnyside.",,Yes,,,,,
St Michael's Hospital,Unity - St Michael's Hospital (SMH),https://unityhealth.to/patients-and-families/coronavirus-information-for-patients-and-families/,416-864-5800,,Yes,Philip,Sent email through their contact form,https://unityhealth.to/contact/,St. Michael’s: 416-360-4000,,,,,,,,,,,,Yes,Philip,Sent email through their contact form,https://unityhealth.to/contact/,St. Michael’s: 416-360-4000,,,,,,,,,,,12:00-18:00,12:00-18:00,6m,No,No,Yes,Yes,Located in the Li Ka Shing Knowledge Institute. Enter at the Shuter Street entrance near Bond Steet (north-east corner of the building).,"Situé au Li Ka Shing Knowledge Institute. L’entrée se fait la rue Shuter, près de la rue Bond (coin nord-est du bâtiment).",,,,,,,
Women's College Hospital,Women's College Hospital,https://www.womenscollegehospital.ca/patients-and-caregivers/coronavirus-(covid-19)-information-for-patients-and-visitors/,,,Yes,Philip,Sent email,info@wchospital.ca,"Assessment Centre information information line at: 416-800-1945, hospital switchboard: 416-323-6400",,,,,,,,,,,,Yes,Philip,Sent email,info@wchospital.ca,"Assessment Centre information information line at: 416-800-1945, hospital switchboard: 416-323-6400",,,,,,,,,,,9:00-17:00,9:00-17:00,0m,No,No,Yes,Yes,There are two separate entrances specifically for COVID testing. One is for walk-ins and one is for Fast Track testing for people who pre-register.,Veuillez utiliser l’entrée nord-est située sur la rue Grosvenor.,,,,,,,
Muskoka COVID-19 Assessment Centre,Muskoka Algonquin Healthcare,https://www.mahc.ca/en/services/muskoka-assessment-centre.aspx,,NULL,NULL,NULL,NULL,NULL,NULL,NULL,NULL,NULL,NULL,NULL,NULL,NULL,NULL,NULL,NULL,,No,Philip,Sent email,info@mahc.ca,,,,,,,,,,,,NULL,NULL,NULL,NULL,NULL,NULL,NULL,NULL,NULL,NULL,NULL,NULL,NULL,NULL,NULL,NULL
Orillia Soldiers' Memorial Hospital,Orillia Soldiers' Memorial Hospital,https://www.osmh.on.ca/covid-19/,705-325-2201,Yes,No,Philip,Sent email,administration@osmh.on.ca,,,,,,,,,,,,Yes,No,Philip,Sent email,administration@osmh.on.ca,,,,,,,,,,,,11:00-14:30,11:00-14:30,0m,No,No,,Yes,Located in the tent in the parking lot. People coming to the center should access Volunteer Drive off of Mississauga Street.,Situé dans la tente dans le stationnement.,Yes - Rama First Nation,Yes,,Yes,,,
Barrie Community Health Centre,Royal Victoria Regional Health Centre,https://www.rvh.on.ca/SitePages/coronavirus.aspx,,,No,Philip,Sent email,"Donna Danyluk, Communications Representative: danylukd@rvh.on.ca","Donna Danyluk, Communications Representative: 705-728-9090 Ext 41610",,,,,,,,,,,,No,Philip,Sent email,"Donna Danyluk, Communications Representative: danylukd@rvh.on.ca","Donna Danyluk, Communications Representative: 705-728-9090 Ext 41610",,,,,,,,,,,9:00-14:00,9:00-14:00,0m,No,No,,Yes,Located in the rear building behind the Huronia Urgent Care Clinic.,Situé dans le bâtiment arrière.,,Yes,,,,,
Stevenson Memorial Hospital,Stevenson Memorial Hospital,http://www.stevensonhospital.ca/news/index.html?id=265,705-435-6281,Yes,No,Philip,Sent email,communications@smhosp.on.ca,,,,,,,,,,,,Yes,No,Philip,Sent email,communications@smhosp.on.ca,,,,,,,,,,,,,,2y,No,No,Yes,No,Drive-through centre located in the back parking lot.,Situé dans le stationnement.,,,,,,,
Almonte General Hospital,Almonte General Hospital,http://www.almontegeneral.com/assessmentcentre,613-325-1208,Yes,No,Philip,Sent email,info@agh-fvm.com,,,,,,,,,,,,Yes,No,Philip,Sent email,info@agh-fvm.com,,,,,,,,,,,,8:00-18:00,8:00-18:00,2y,No,No,,No,Stay in your car.,Le centre est au coin de la rue Spring et de la rue State dans le bâtiment en briques derrière le service des urgences de l’Hôpital général d’Almonte.,,Yes,,,,,
Brockville General Hospital,Brockville General Hospital,https://www.brockvillegeneralhospital.ca/en/patient-care/covid-19-coronavirus.aspx#,613-704-1441,,No,Philip,Sent email through contact form,https://www.brockvillegeneralhospital.ca/Modules/contact/search.aspx?s=c9iBl64zWIM6BBwLPlUspoPlQeQuAleQuAl&_mid_=19201,,,,,,,,,,,,,No,Philip,Sent email through contact form,https://www.brockvillegeneralhospital.ca/Modules/contact/search.aspx?s=c9iBl64zWIM6BBwLPlUspoPlQeQuAleQuAl&_mid_=19201,,,,,,,,,,,,10:00-14:30,10:00-14:30,0m,No,No,,,,,,Yes,,,10:00-15:30,,
Brewer Park Arena,The Ottawa Hospital and CHEO,https://www.ottawapublichealth.ca/en/public-health-topics/novel-coronavirus.aspx,,,No,Philip,Sent email through contact form,https://www.ottawapublichealth.ca/en/shared-content/assessment-centres.aspx#Are-the-clinics-accessible-to-people-in-wheelchairs,,Should we track care centres as well as assessment centres?,,,,,,,,,,,No,Philip,Sent email through contact form,https://www.ottawapublichealth.ca/en/shared-content/assessment-centres.aspx#Are-the-clinics-accessible-to-people-in-wheelchairs,,Should we track care centres as well as assessment centres?,,,,,,,,,,9:00-15:30,9:00-15:30,6m,Yes,No,,Yes,Follow the signage for parking. Enter from Bronson Avenue.,,,Yes,,,,,
Cornwall COVID-19 Assessment Centre,Cornwall Community Hospital,https://eohu.ca/en/covid/covid-19-testing-assessment-centres,613-935-7762,,No,Philip,,,,,,,,,,,,,,,No,Philip,,,,,,,,,,,,,,,,2y,Yes,No,,Yes,"Park in a designated area in the Emergency Lot, arrive at the exact time of your appointment (not earlier), bring only a healthcard and mask, parking is free, wait outside and someone will greet you at the door.",,,Yes,,,,,
Akausivik Inuit Family Health Team - COVID-19 Assessment Centre,Akausivik Inuit Family Health Team Assessment Centre provides culturally specific services for Inuit (please call first),https://eohu.ca/en/covid-19-novel-coronavirus,613-740-0999,,No,Philip,Sent email through contact form,https://www.ottawapublichealth.ca/en/shared-content/assessment-centres.aspx#Are-the-clinics-accessible-to-people-in-wheelchairs,,,,,,,,,,,,,No,Philip,Sent email through contact form,https://www.ottawapublichealth.ca/en/shared-content/assessment-centres.aspx#Are-the-clinics-accessible-to-people-in-wheelchairs,,,,,,,,,,,,,,0m,,,,,,,Inuit,,,,,generalinfo@aifht.ca,
Haliburton Highlands Health Services,Haliburton Highlands Health Services,https://www.haliburtoncares.ca/,"705-457-1212, ext. 6",,No,Philip,,,,,,,,,,,,,,,No,Philip,,,,,,,,,,,,,,,,2y,No,No,,Yes,"Located in the parking lot of the Haliburton Family Medical Centre. Enter from Haliburton County Road 21, on the roadway beside the high school. Patients under 2 years will be deferred to the Emergency dDepartment. Patients between 2 and 18 will be reviewed with the assessment centre physician before booking an appointment.","Situé dans le stationnement du Haliburton Family Medical Centre. Entrez à partir de la route de comté 21 à Haliburton, sur la voie d’accès derrière l’école secondaire.",,Yes,,,,,
Hawkesbury and District General Hospital  - Children Rehab Clinic,Hawkesbury and District General Hospital,https://eohu.ca/en/covid/covid-19-testing-assessment-centres,1-800-267-7120,,No,Phillip,,,,,,,,,,,,,,,No,Phillip,,,,,,,,,,,,,,,,2y,Yes,Yes,,No,Vulnerable clients and clients with cancer can get tested before opening times.,,,Yes,,,,,
Casselman COVID-19 Assessment Centre,Eastern Ontario Health Unit - Casselman office,https://eohu.ca/en/covid/covid-19-testing-assessment-centres,1-800-267-7120,Yes,No,,,,,,,,,,,,,,,Yes,No,,,,,,,,,,,,,,,,,1y,Yes,No,,No,,,,Yes,,,Closed,,
Rockland COVID-19 Assessment Centre,Clarence-Rockland Family Health Team Office,https://eohu.ca/en/covid/covid-19-testing-assessment-centres,1-800-267-7120,,No,,,,,,,,,,,,,,,,No,,,,,,,,,,,,,,,9:00-15:00,,2y,,,,,,,,,,,,,
Hôpital Montfort - Heron Location,Hôpital Montfort,https://hopitalmontfort.com/en/second-covid-19-care-clinic-opening-ottawa-east-thursday,613-746-4621,,No,,,,,,,,,,,,,,,,No,,,,,,,,,,,,,,,,,2y,Yes,No,,Yes,,,,Yes,,,Closed,,
Kingston - Leon's Centre,Kingston Health Sciences Centre,https://www.kflaph.ca/Modules/News/index.aspx?newsId=ac53feb2-35a4-4a09-bd86-dd7c62755eaa,,,No,,,,,,,,,,,,,,,,No,,,,,,,,,,,,,,,9:00-16:00,9:00-16:00,6m,Yes,No,Yes,Yes,Enter through Gate 2 and look for bright green signs.,,,,,,,,
Lennox and Addington County General Hospital,Lennox and Addington County General Hospital,http://web.lacgh.napanee.on.ca/en/newsroom?newsid=84,613-354-8254,,No,,,,,,,,,,,,,,,,No,,,,,,,,,,,,,,,9:00-15:00,9:00-15:00,0m,No,No,,Yes,Appointments are preferred but walk-ins are accepted. Drive-through only.,,,Yes,,,,,
Akwesasne COVID-19 Assessment Centre,Mohawk Council of Akwesasne Department of Health,http://www.akwesasne.ca/covid-19-novel-coronavirus-information/,613-575-5005 ext. 3704 or 613-575-2331 ext. 3702,Yes,No,,,,,,,,,,,,,,,Yes,No,,,,,,,,,,,,,,,,,2y,,,,,,,Akwesasronon,,,No,,,
North Hastings COVID-19 Assessment Center,Quinte Healthcare Corporation,,613-332-2825 ext 6222,Yes,No,,,,,,,,,,,,,,,Yes,No,,,,,,,,,,,,,,,,,0m,Yes,No,,No,"Follow the signs, drive through into the tent, have those being assessed or tested on the driver's side of the vehicle if possible, park and turn off the car with the windows between the two tables under the tent. Phone or text your phone number to us and we will call you back to book a time. You must have an appointment so we can ensure patient safety, confidentiality and physical distancing.",,,Yes,,,,,
Perth and Smiths Falls District Hospital - Smiths Falls Site,Perth and Smiths Falls District Hospital,https://psfdh.on.ca/2020/04/03/community-assessment-centre/,613-283-2330 ext. 1401,,No,,,,,,,,,,,,,,,,No,,,,,,,,,,,,,,,10:00-16:00,10:00-16:00,0m,,,,,Located at the Smiths Falls site of the Perth and Smiths Falls District Hospital at the main entrance on Elmsley Street North. Drive up to the main entrance and stay in your car while an in-car assessment is done.,Situé à l’emplacement de Smiths Falls de l’Hôpital du district de Perth et de Smiths Falls à l’entrée principale sur la rue Elmsley Nord. Les patients conduiront leur véhicule jusqu’à l’entrée principale et y demeureront pendant qu’une évaluation sera réalisée.,,,,,10:00-16:00,,
Prince Edward County Community Centre,Prince Edward County Covid-19 Assessment Centre,https://hpepublichealth.ca/the-novel-coronavirus-2019ncov/,613-813-6864,Yes,No,,,,,,,,,,,,,,,Yes,No,,,,,,,,,,,,,,,,,0m,No,No,,No,You will be directed to drive into the large tent. Stay in your car for the assessment.,On vous dirigera dans la grande tente à bord votre véhicule et vous y resterez pour l’évaluation.,,Yes,,,,,
Queensway Carleton Hospital - D. Aubrey Moodie School,Queensway Carleton Hospital,https://www.ottawapublichealth.ca/en/shared-content/assessment-centres.aspx,,,No,,,,,,,,,,,,,,,,No,,,,,,,,,,,,,,,,,2y,Yes,,,,,,,,,,9:00-15:30,,
Quinte Healthcare - Quinte Secondary School,Quinte Healthcare,https://hpepublichealth.ca/the-novel-coronavirus-2019ncov/,613-961-5544,Yes,No,,,,,,,,,,,,,,,Yes,No,,,,,,,,,,,,,,,9:00-17:00,9:00-17:00,0m,Yes,No,,No,Stay in your car.,On vous demandera de rester dans votre voiture.,,Yes,,,,,
Quinte West COVID-19 Assessment Centre,Quinte Healthcare,https://hpepublichealth.ca/the-novel-coronavirus-2019ncov/,613-961-5544,Yes,No,,,,,,,,,,,,,,,Yes,No,,,,,,,,,,,,,,,9:00-17:00,9:00-17:00,0m,Yes,No,,No,"Follow the signs, drive through into the tent, have those being assessed or tested on the driver's side of the vehicle if possible, park and turn off the car with the windows between the two tables under the tent. Phone or text your phone number to us and we will call you back to book a time. You must have an appointment so we can ensure patient safety, confidentiality and physical distancing.",,,Yes,,,,,
Cobden Arena,Arnprior Regional Health,https://rcvtac.ca/,1-844-727-6404,,No,,,,,,,,,,,,,,,,No,,,,,,,,,,,,,,,,,2y,No,No,,No,We do not have a physical site for testing - we do it through drive through testing sites or we go on site in various locations to do testing (ie retirement homes) as needed.  To date our approach to testing has proven to be very efficient and effective.,,,,,,,,Yes
Civic Centre,Arnprior Regional Health,https://rcvtac.ca/,1-844-727-6404,,No,,,,,,,,,,,,,,,,No,,,,,,,,,,,,,,,,,,,,,,,,,,,,,,Yes
Pembroke Assessment Centre,Arnprior Regional Health,https://rcvtac.ca/,1-844-727-6404,,No,,,,,,,,,,,,,,,,No,,,,,,,,,,,,,,,,,,,,,,,,,,,,,,
Deep River Arena,Arnprior Regional Health,https://rcvtac.ca/,1-844-727-6404,,No,,,,,,,,,,,,,,,,No,,,,,,,,,,,,,,,,,,,,,,No restrictions. Two areas of focus - patients without a family physiciann or cannot reach their family physician and those with potential COVID.,,,,,,,,
Nick Smith Centre / Renfrew County Virtual Triage and Assessment Centre,Arnprior Regional Health,https://rcvtac.ca/,1-844-727-6404,,No,,,,,,,,,,,,,,,,No,,,,,,,,,,,,,,,,,,,,,,The hours for this center vary. Please visit the centre's website for current hours.,,,,,,,,
Eganville Community Arena,Arnprior Regional Health,https://rcvtac.ca/,1-844-727-6404,,No,,,,,,,,,,,,,,,,No,,,,,,,,,,,,,,,,,,,,,,,,,,,,,,
Ma-te-way Park,Arnprior Regional Health,https://rcvtac.ca/,1-844-727-6404,,No,,,,,,,,,,,,,,,,No,,,,,,,,,,,,,,,,,,,,,,,,,,,,,,
Paul J Yakabuski Community Centre / Renfrew County Virtual Triage and Assessment Centre,Arnprior Regional Health,https://rcvtac.ca/,1-844-727-6404,,No,,,,,,,,,,,,,,,,No,,,,,,,,,,,,,,,,,,,,,,,,,,,,,,Yes
RMH COVID-19 Assessment Centre,Ross Memorial Hospital,https://www.rmh.org/covid-19,705-328-6217,Yes,No,,,,,,,,,,,,,,,Yes,No,,,,,,,,,,,,,,,,,12y,No,No,Yes,Yes,"Use the Kent Street entrance. For children under 12, use the Emergency Department.",,,,,,,,
Trent Hills COVID19 Assessment Centre,Trent Hills Family Health Team + Northumberland County Ambulance & Paramedic Services,https://www.thfht.com/wp-content/uploads/2020/05/PRESS-RELEASE-May-25-2020-AC-Final.pdf,705-395-1801,,No,,,,,,,,,,,,,,,,No,,,,,,,,,,,,,,,,,6m,No,No,,No,Single entrance in stand-alone building. Clients must wait in their cars until staff come out to provide a registration form and check ID. Clients must wear masks and come alone if possible.,,,Yes,,,,,
Winchester COVID-19 Assessment Centre,Lions Club Hall,https://eohu.ca/en/covid/covid-19-testing-assessment-centres,1-800-267-7120,,No,,,,,,,,,,,,,,,,No,,,,,,,,,,,,,,,,,,,,,,,,,,,,,,
Kinsmen Civic Centre,Peterborough Public Health,https://www.peterboroughpublichealth.ca/your-health/diseases-infections-immunization/diseases-and-infections/novel-coronavirus-2019-ncov/#tested,705-743-1000,Yes,No,,,,,,,,,,,,,,,Yes,No,,,,,,,,,,,,,,,,,,,,,,,,,,,,,,
COVID-19 Assessment Centre at PRHC,Peterborough Regional Health Centre,https://www.prhc.on.ca/articles/default-category/207/covid-19-assessment-centre-at-prhc-now-available-by-calling-directly,705-876-5086,,No,,,,,,,,,,,,,,,,No,,,,,,,,,,,,,,,8:00-16:00,8:00-16:00,1y,No,No,,Yes,Located in the mobile unit on the west side of the hospital.,Situé dans l'unité mobile du côté ouest de l’hôpital.,,Yes,,,,,
Northumberland Hills Hospital,Northumberland Hills Hospital,,905-377-7783,,No,,,,,,,,,,,,,,,,No,,,,,,,,,,,,,,,8:00-16:00,8:00-16:00,1y,Yes,Yes,Yes,Yes,Covid Clinic and ER share the same entrance. Covid clinic patients exit through a separate door. Patients are asked to wear a mask during their visit and are given a HKPR Public Health information sheet before they leave. All under that age of 12 are seen in ER for assessment and swabbing. The clinic will look up and report negative results to patients that are unable to retrieve results on their own.,,,,,,Closed,,
Atikokan Family Health Team,Atikokan Family Health Team,https://atikokanfht.com/,807-597-8781 ext 0,,No,,,,,,,,,,,,,,,,No,,,,,,,,,,,,,,,,,0m,No,No,,Yes,Located at the side entrance under the canopy. Stay in your car.  You will be directed into the accessible building if you need an in-person assessment.,,,Yes,,,,,
Hearst COVID-19 Assessment Centre,Nord-Aski Family Health Team,http://www.porcupinehu.on.ca/en/your-health/infectious-diseases/novel-coronavirus/covid-assessment-centres/,705-362-5544,,No,,,,,,,,,,,,,,,,No,,,,,,,,,,,,,,,,,2y,Yes,No,,Yes,Located on the east side of the medical clinic in the parking lot. Call the assessment centre for an appointment if you do not have symptoms. Call your local public health unit or family doctor if you have symptoms.,,,Yes,,,,,
Chapleau Health Services,Chapleau Family Health Team,https://www.sschs.ca/general/home.html,705-864-2568,,No,,,,,,,,,,,,,,,,No,,,,,,,,,,,,,,,,,0m,Yes,No,,Yes,Directions are provided during appointment booking.,,,Yes,,,,,
NEOMO Medical,NEOMO Medical,https://www.hsnsudbury.ca/portalen/Patients-and-Visitors/COVID-19/COVID-19-Assessment-Centre,705-671-7373,Yes,No,,,,,,,,,,,,,,,Yes,No,,,,,,,,,,,,,,,8:00-16:00,8:00-16:00,0m,Yes,No,,No,Book your appointment online. Directions are provided during appointment booking.,,,Yes,,,,,
Primacy Medical Centre,Primacy Medical Centre,https://www.hsnsudbury.ca/portalen/Patients-and-Visitors/COVID-19/COVID-19-Assessment-Centre,705-671-7373,Yes,No,,,,,,,,,,,,,,,Yes,No,,,,,,,,,,,,,,,11:00-19:00,11:00-19:00,6m,Yes,No,,Yes,"Located in the parking lot of the Superstore, beside the pharmacy.",Situé dans le stationnement du Superstore.,,Yes,,,,,
Health Sciences North - HSNRI Assessment Centre,Health Sciences North,https://www.hsnsudbury.ca/portalen/Patients-and-Visitors/COVID-19/COVID-19-Assessment-Centre,705-671-7373,Yes,No,,,,,,,,,,,,,,,Yes,No,,,,,,,,,,,,,,,9:00-17:00,9:00-17:00,2y,Yes,,,,,,,Yes,,,,,
Dingwall Medical Clinic Building,Dingwall Medical Clinic Building,http://www.drhc.on.ca/dryden-regional-health-centre-opens/,1-807-223-3737,,No,,,,,,,,,,,,,,,,No,,,,,,,,,,,,,,,,,6m,No,No,Yes,No,Instructions provided when you book your appointment. Use first exterior entrance on the left (old Hearing Centre). Entrance is marked with fluorescent yellow sign.,La première entrée extérieure à gauche (ancien centre d’audiologie).,,,,,,assess@drhc.on.ca.,
Elliot Lake Family Health Team,Elliot Lake Family Health Team,http://www.elfht.com/,705-461-8882,,No,,,,,,,,,,,,,,,,No,,,,,,,,,,,,,,,,,,,,,,,,,,,,,,
Englehart District Hospital,Englehart District Hospital,http://www.timiskaminghu.com/90484/covid-19,705-568-2127,Yes,No,,,,,,,,,,,,,,,Yes,No,,,,,,,,,,,,,,,,,,,,,,Drive-through at the rear entrance of the building.,Service à l’auto à l’entrée arrière du bâtiment.,,,,,,,
Espanola & Area COVID Mobile Assessment Centre,Espanola Regional Hospital and Health Centre,http://www.espanolaregionalhospital.ca/covid-19,705-869-1420 ext. 4500,,No,,,,,,,,,,,,,,,,No,,,,,,,,,,,,,,,,,0m,Yes,No,,No,Drive-through only.,,,Yes,,,,,
Geraldton District Hospital / Greenstone Family Health Team Northern Horizon Health Centre,Geraldton District Hospital,http://www.geraldtondh.com/hospital-triage-area---covid-19,807-854-0224,Yes,No,,,,,,,,,,,,,,,Yes,No,,,,,,,,,,,,,,,,,,,,,,Wait in your car in the designated parking spot.,Les patients doivent attendre dans leur véhicule à l’endroit désigné dans le stationnement.,,,,,,,
Hornepayne Community Hospital,Hornepayne Community Hospital,https://www.porcupinehu.on.ca/en/your-health/infectious-diseases/novel-coronavirus/covid-assessment-centres/,807-868-2442,,No,,,,,,,,,,,,,,,,No,,,,,,,,,,,,,,,,,,,,,,Located at the front entrance. Someone will meet you at the door.,Situé à l’entrée avant. Quelqu’un viendra vous chercher à la porte.,,,,,,,
Michipicoten Memorial Community Centre,Lady Dunn Health Centre,http://www.algomapublichealth.com/disease-and-illness/infectious-diseases/novel-coronavirus/#assessment,705-856-2244 ext. 244,,No,,,,,,,,,,,,,,,,No,,,,,,,,,,,,,,,,,,,,,,,,,,,,,,
Lake of the Woods District Hospital,Lake of the Woods District Hospital,http://www.lwdh.on.ca/,1-807-468-9861 ext 2483,,No,,,,,,,,,,,,,,,,No,,,,,,,,,,,,,,,,,0m,No,No,,Yes,"Turn onto Nethercutt Drive, turn right onto Wolsley Avenue, and take your first left into the old ambulance garage parking lot (attached to the power plant and laundry facilities).","Tournez sur la promenade Nethercutt, tournez à droite sur l’avenue Wolsley, puis tournez à gauche dans le stationnement de l’ancien garage des ambulances (il est annexé à la centrale électrique et à la buanderie).",,,,,,,
Community Health Services Building,LaVerendrye General Hospital and  Riverside Health Care,https://www.riversidehealthcare.ca/,1-807-274-3261 ext 4913,Yes,No,,,,,,,,,,,,,,,Yes,No,,,,,,,,,,,,,,,As needed,As needed,,,,,,,,,,,,,,
Manitoulin Health Centre,Manitoulin Health Centre,http://www.mhc.on.ca/covid-19,705-368-2300,,No,,,,,,,,,,,,,,,,No,,,,,,,,,,,,,,,13:00-17:00,13:00-17:00,2y,No,No,,No,In the parking lot of the emergency entrance.,,,Yes,,,,,
Manitoulin Health Centre,Manitoulin Health Centre,http://www.mhc.on.ca/covid-19,705-368-2300,,No,,,,,,,,,,,,,,,,No,,,,,,,,,,,,,,,13:00-17:00,13:00-17:00,2y,No,No,,No,In the garage behind the emergency department.,,,Yes,,,,,
Mattawa Hospital,Mattawa Hospital,https://www.mattawahealth.ca/News/mattawa-assessment-centre,705-744-5511 ext 0,,No,,,,,,,,,,,,,,,,No,,,,,,,,,,,,,,,,,0m,Yes,Yes,,Yes,There is a separate entrance.,,,Yes,,,,,
Anson General Hospital site,MICs Group - Anson General Hospital site,https://www.porcupinehu.on.ca/en/your-health/infectious-diseases/novel-coronavirus/covid-assessment-centres/,1-888-962-8718,,No,,,,,,,,,,,,,,,,No,,,,,,,,,,,,,,,,,,,,,,,,,,,,,,
The Lady Minto Hospital/Boy Scout Hall,MICs Group - The Lady Minto Hospital/Boy Scout Hall,https://www.porcupinehu.on.ca/en/your-health/infectious-diseases/novel-coronavirus/covid-assessment-centres/,1-888-962-8718,,No,,,,,,,,,,,,,,,,No,,,,,,,,,,,,,,,,,,,,,,,,,,,,,,
Nipigon District Memorial Hospital,Nipigon District Memorial Hospital,https://www.tbdhu.com/coronavirus,807-887-5252,,No,,,,,,,,,,,,,,,,No,,,,,,,,,,,,,,,,,,,,,,,,,,,,,,
North Bay Regional Health Centre,North Bay Regional Health Centre,,705-474-8600 ext 4110,,No,,,,,,,,,,,,,,,,No,,,,,,,,,,,,,,,9:00-17:00,9:00-17:00,0m,Yes,No,,Yes,"There is a separate entrance for COVID-19 testing. Individuals presenting for testing are requested to don a new face mask (provided by the testing centre) requested to clean hands, be seated and remain seated until called into the centre for testing.",,,Yes,,,,,
North of Superior Health Group - Marathon (Wilson site),North of Superior Health Group - Marathon (Wilson site),https://www.tbdhu.com/coronavirus,807-625-5900 or 1-888-294-6630,,No,,,,,,,,,,,,,,,,No,,,,,,,,,,,,,,,,,0m,Yes,No,,Yes,Use main entrance.,,Biigtigong,Yes,,Yes,,,
North Shore Health Network - Blind River,North Shore Health Network - Blind River,http://www.algomapublichealth.com/disease-and-illness/infectious-diseases/novel-coronavirus/#assessment,705-356-2265 ext. 2661,,No,,,,,,,,,,,,,,,,No,,,,,,,,,,,,,,,8:00-18:00,8:00-18:00,8y,Yes,No,,No,Located in the trailer beside the Emergency Department. Specific directions and instructions are provided by email or over the phone.,Situé dans la roulotte à côté du service des urgences.,,Yes,,,,,
North Shore Health Network - Thessalon,North Shore Health Network - Thessalon,http://www.algomapublichealth.com/disease-and-illness/infectious-diseases/novel-coronavirus/#assessment,705-356-2265 ext. 2662,,No,,,,,,,,,,,,,,,,No,,,,,,,,,,,,,,,,,8y,Yes,No,,No,Specific directions and instructions are provided by email or over the phone.,,,Yes,,,,,
Rainy River Health Centre,Riverside Health Care,https://www.riversidehealthcare.ca/,1-807-274-3261 ext. 4913,,No,,,,,,,,,,,,,,,,No,,,,,,,,,,,,,,,13:00-15:00,13:00-15:00,0m,No,No,,Yes,Located across the street from the hospital. Individuals receive directions and instructions upon calling to book an appointment.,Situé en face de l’hôpital.,,Yes,,,,,
Red Lake Guardian Pharmacy,Red Lake Hospital,https://www.nwhu.on.ca/covid19/Pages/self-assessment.aspx,1-807-727-7035,,No,,,,,,,,,,,,,,,,No,,,,,,,,,,,,,,,,,0m,Yes,No,,Yes,"Located across the street from the hospital, at the downstairs entrance.","Situé en face de l’hôpital, à l’entrée de l’étage inférieur.",,Yes,,,,,
Santé Manitouwadge Health,Santé Manitouwadge Health,https://www.nwhu.on.ca/covid19/Pages/self-assessment.aspx,807-826-3251 ext 221,,No,,,,,,,,,,,,,,,,No,,,,,,,,,,,,,,,8:00-19:00,8:00-19:00,0m,Yes,No,No,Yes,Entrance is through the ambulance bay at the back of the hospital.,L’entrée se fait par le stationnement pour les ambulances à l’arrière de l’hôpital.,,No,,,,,
Sault Area Hospital / Kal Tire,Sault Area Hospital,http://www.algomapublichealth.com/disease-and-illness/infectious-diseases/novel-coronavirus/#assessment,705-759-3434 ext 7152,,No,,,,,,,,,,,,,,,,No,,,,,,,,,,,,,,,8:00-20:00,8:00-20:00,13y,Yes,Yes,,Yes,"Located 1 km away from Sault Area Hospital. Second building on the right after turning onto Drive In Road. For in-car testing, park in the designated space and honk to notify staff of arrival.",Situé à 1 km de l’Hôpital de Sault-Sainte-Marie. Deuxième bâtiment à droite après avoir tourné sur le chemin Drive In.,,Yes,,,,,
Sensenbrenner Hospital / Le Centre des Loisirs,Sensenbrenner Hospital,https://www.porcupinehu.on.ca/en/your-health/infectious-diseases/novel-coronavirus/covid-assessment-centres/,705-367-4613,,No,,,,,,,,,,,,,,,,No,,,,,,,,,,,,,,,,,0m,Yes,No,,No,,,,Yes,,,,,
Meno Ya Win Health Centre,Sioux Lookout Meno Ya Win Health Centre,https://www.nwhu.on.ca/covid19/Pages/self-assessment.aspx,1-807-737-5880,,No,,,,,,,,,,,,,,,,No,,,,,,,,,,,,,,,,,0m,Yes,No,,Yes,Located in the front parking lot of the hospital. A nurse will come outside to provide instructions. Stay in your car at all times.,Situé dans le stationnement avant de l’hôpital.,,Yes,,,,,
Smooth Rock Falls Hospital,Smooth Rock Falls Hospital,https://www.porcupinehu.on.ca/en/your-health/infectious-diseases/novel-coronavirus/covid-assessment-centres/,705-338-2788,,No,,,,,,,,,,,,,,,,No,,,,,,,,,,,,,,,,,2y,Yes,No,,Yes,Located in the garage attached to the hospital. A nurse will come outside to do the swab. Stay in your car at all times.,Situé dans le garage annexé à l’hôpital. Une infirmière viendra à l’extérieur prélever l’écouvillon. Les patients doivent rester en tout temps dans leur véhicule pour subir le test.,,Yes,,Yes,,,
Superior North EMS Community Paramedicine Program,Superior North EMS,https://www.tbdhu.com/coronavirus,807-935-8100,Yes,No,,,,,,,,,,,,,,,Yes,No,,,,,,,,,,,,,,,7:00-19:00,7:00-19:00,0m,,,No,No,Mobile clinics and home visits. No in-centre testing. Drive through testing for surge capacity only.,,,No,,,,,
Temiskaming Hospital,Temiskaming Hospital,,705-648-1844,Yes,No,,,,,,,,,,,,,,,Yes,No,,,,,,,,,,,,,,,,10:00-12:00,2y,Yes,No,,Yes,"Located at the north entrance (back of the hospital). Do not use the front entrance. For after hours, call hospital in advance for instructions. No walk-ins at emergency department.",Situé à l’entrée nord (à l’arrière de l’hôpital). Les patients ne doivent pas utiliser l’entrée avant.,,Yes,,Yes,,,
Thunder Bay Assessment Centre,Thunder Bay Regional Health Sciences Centre,https://www.tbdhu.com/coronavirus,807-935-8100,,No,,,,,,,,,,,,,,,,No,,,,,,,,,,,,,,,8:00-20:00,8:00-20:00,13y,Yes,No,,Yes,Located outside the emergency department entrance. Check in with the nurse at the ambulance outside of the emergency department.,,,Yes,,,,,
Timmins COVID-19 Assessment Centre,Timmins and District Hospital,https://www.porcupinehu.on.ca/en/your-health/infectious-diseases/novel-coronavirus/covid-assessment-centres/,705-267-1993,,No,,,,,,,,,,,,,,,,No,,,,,,,,,,,,,,,8:30-12:00,,,,,,,Call to schedule an appointment. No walk-ins at the Emergency Department.,,,,,,,,
"Weeneebayko General Hospital, Moose Factory",Weeneebayko Area Health Authority,https://www.waha.ca/covid-19/,1-877-658-9242,,No,,,,,,,,,,,,,,,,No,,,,,,,,,,,,,,,,,2y,No,No,,No,Separate entrance,,Moose Cree First Nations,Yes,,Yes,,,
Fort Albany Hospital,Weeneebayko Area Health Authority,https://www.waha.ca/covid-19/,705-336-2294 ext. 326,,No,,,,,,,,,,,,,,,,No,,,,,,,,,,,,,,,,,,,,,,,,,,,,,,
Attawapiskat Hospital,Weeneebayko Area Health Authority,https://www.waha.ca/covid-19/,705-336-2294 ext. 326,,No,,,,,,,,,,,,,,,,No,,,,,,,,,,,,,,,,,,,,,,,,,,,,,,
Moosonee Health Centre,Weeneebayko Area Health Authority,https://www.waha.ca/covid-19/,705-336-2294 ext. 326,,No,,,,,,,,,,,,,,,,No,,,,,,,,,,,,,,,,,,,,,,,,,,,,,,
Kashechewan Health Services,Weeneebayko Area Health Authority,https://www.waha.ca/covid-19/,705-336-2294 ext. 326,,No,,,,,,,,,,,,,,,,No,,,,,,,,,,,,,,,,,,,,,,,,,,,,,,
Peawanuck Nursing Station,Weeneebayko Area Health Authority,https://www.waha.ca/covid-19/,705-336-2294 ext. 326,,No,,,,,,,,,,,,,,,,No,,,,,,,,,,,,,,,,,,,,,,,,,,,,,,
West Nipissing General Hospital,West Nipissing General Hospital,https://www.myhealthunit.ca/en/health-topics/coronavirus.asp,705-580-2186,,No,,,,,,,,,,,,,,,,No,,,,,,,,,,,,,,,,,,,,,,Located at Marcel Noel Hall - West Nipissing Complex.,Situé à la Salle communautaire Marcel Noël — complexe Nipissing Ouest.,,,,,,,
West Parry Sound Health Centre,West Parry Sound Health Centre,https://www.myhealthunit.ca/en/health-topics/coronavirus.asp,705-746-4540 ext 5030,,No,,,,,,,,,,,,,,,,No,,,,,,,,,,,,,,,8:00-16:00,8:00-16:00,6m,No,No,,Yes,"Located at the Parry Sound Mall, Unit 105 and 106. All patients must call for an appointment.  Please arrive at the back of the building and ring the door bell.  You may return to your car or step back 2 meters from the door and await a staff member to bring you in.","Situé dans le centre commercial de Parry Sound, locaux 105 et 106.",,Yes,,,,,
"North of Superior Health Group - McCausland, Terrace Bay","North of Superior Health Group - McCausland, Terrace Bay",,807-825-3235,,No,,,,,,,,,,,,,,,,No,,,,,,,,,,,,,,,,,,,,,,,,,,,,,,
Twin Bridges Nurse Practitioner Clinic,Bluewater Health Sarnia,https://lambtonpublichealth.ca/2019-novel-coronavirus/testing-criteria/,226-776-9030,,No,,,,,,,,,,,,,,,,No,,,,,,,,,,,,,,,,,,,,,,Use the D-wing entrance point.,L’entrée se fait au point d’entrée de l’aile D.,,,,,,,
Brant Community Healthcare System,Brant Community Healthcare System,,519-751-5818,,No,,,,,,,,,,,,,,,,No,,,,,,,,,,,,,,,8:00-16:00,8:00-16:00,0m,No,No,,Yes,Enter at the D-wing entrance. Walk-ins are accepted but appointments are preferred.,,,Yes,,,,,
Cambridge Assessment Centre,Cambridge Memorial Hospital,,519-621-2333 ext 2689,,No,,,,,,,,,,,,,,,,No,,,,,,,,,,,,,,,8:30-16:30,8:30-16:30,1y,No,No,,Yes,Park in Lot 4 in front of C-wing (there are also 3 designated spots across from the centre's door). Drive-through only when demand is very high (except if you use a mobility device) for asymptomatic patients only.  Services are offered in French upon request.,Utilisez le stationnement 4 devant l’aile C. Il y a aussi 3 places désignées en face de la porte du centre.,,Yes,,,8:30-16:30,cmhcovidtesting@cmh.org,
Chatham-Kent Health Alliance,Chatham-Kent Health Alliance,,519-352-6400 ext. 6548,,No,,,,,,,,,,,,,,,,No,,,,,,,,,,,,,,,9:00-16:20,9:00-16:20,0m,,,,,,,,,,,,,
Erie Shores Healthcare,Erie Shores Healthcare,,519-326-2373 ext. 4263,,No,,,,,,,,,,,,,,,,No,,,,,,,,,,,,,,,8:00-18:00,8:00-18:00,1y,No,No,Yes,No,Blue assessment centre signage directs persons to spearate entrance. Spanish speaking intepreter will be joining the team in the near future.,,,,,,,,
Goderich Columbus Banquet Hall,"Maitland Valley Family Health Team, Alexandra Marine and General Hospital, Huron Perth Public Health",https://www.hpph.ca/en/news/coronavirus-covid19-update.aspx#Testing-tracing-and-results-for-COVID-19,519 524 6060 ext. 263,,No,,,,,,,,,,,,,,,,No,,,,,,,,,,,,,,,,,0m,No,No,,No,Stay in your car and drive up to the underpass. Do not leave your car.,Situé dans la salle des Chevaliers de Colomb.,,Yes,,,Closed,,Yes
Grand River Hospital COVID-19 Testing Centre,Grand River Hospital,https://www.smgh.ca/covid-19-testing-available-for-k-w-residents-with-symptoms-starting-may-16/,519-749-4300 ext. 6824,,No,,,,,,,,,,,,,,,,No,,,,,,,,,,,,,,,7:30-18:30,7:30-18:30,,,,,,Permanently closed,,,,,,,,Yes
Grand River Hospital - Drive Thru COVID-19 Assessment Center,Grand River Hospital - Drive Thru COVID-19 Assessment Center,,,Yes,No,,,,,,,,,,,,,,,Yes,No,,,,,,,,,,,,,,,7:30-17:30,7:30-17:30,2y,No,No,,Yes,Bring your health card if you have one.,,,Yes,,,,,
Grey Bruce Health Services - Owen Sound,Grey Bruce Health Services - Owen Sound,https://www.gbhs.on.ca/covid-19/,519-378-1466,,No,,,,,,,,,,,,,,,,No,,,,,,,,,,,,,,,,,6m,Yes,Yes,,Yes,Located in the portable facility outside the entrance of the Owen Sound Hospital Emergency Department.,Situé dans la installation mobile juste à l’extérieur de l’entrée du service des urgences du Owen Sound Hospital.,,Yes,,,,,
Guelph General Hospital / Victoria Road Recreation Centre,Guelph General Hospital,https://www.wdgpublichealth.ca/your-health/covid-19-information-public/assessment-centres-wdg,,,No,Philip,Sent email through contact form,,,,,,,,,,,,,,No,Philip,Sent email through contact form,,,,,,,,,,,,,9:00-16:00,9:00-16:00,,,,,,"Located in the Victoria Road Recreation Centre (south of Eastview Road, north of Grange Road).","Situé dans Victoria Road Recreation Centre (au sud du chemin Eastview, au nord du chemin Grange).",,,,,9:00-16:00,,
Dave Andreychuk Mountain Arena Assessment Centre,Hamilton Family Health Team,https://www.hamilton.ca/coronavirus/assessment-centres,905-974-9848,Yes,No,,,,,,,,,,,,,,,Yes,No,,,,,,,,,,,,,,,10:00-16:00,10:00-16:00,4y,No,No,,Yes,,,,Yes,,,Closed,,
Hamilton Health Sciences,Hamilton Health Sciences,https://www.hamilton.ca/coronavirus/assessment-centres,905-974-9848,,No,,,,,,,,,,,,,,,,No,,,,,,,,,,,,,,,9:00-17:00,11:00-17:00,,,,,,,,,,,,9:00-17:00,,
Hanover and District Hospital,Hanover and District Hospital,https://www.sbghc.on.ca/coronavirus/assessment-centres,,Yes,No,,,,,,,,,,,,,,,Yes,No,,,,,,,,,,,,,,,,,0m,Yes,Yes,,Yes,There is a separate entrance and further instructions provided upon arrival.,"Situé dans la tente à l’avant de l’hôpital, sous le toit-abri de l’entrée principale. Les patients demeureront dans leurs voitures.",,Yes,,,Closed,,
Joseph Brant Hospital,Joseph Brant Hospital,https://www.halton.ca/For-Residents/New-Coronavirus#03,"905-632-3737, ext. 6550",,No,,,,,,,,,,,,,,,,No,,,,,,,,,,,,,,,8:00-19:00,8:00-19:00,1y,Yes,Yes,,Yes,"separate enterance, await in car until called to come to clinic. Drive thru clients remain in car",,,Yes,,,Closed,,
Listowel Memorial Hospital Testing Centre,Listowel Memorial Hospital,https://lwha.ca/covid-19-up-to-date-information-you-need-to-know/,519-292-2133,NULL,NULL,NULL,NULL,NULL,NULL,NULL,NULL,NULL,NULL,NULL,NULL,NULL,NULL,NULL,NULL,,No,,,,,,,,,,,,,,,14:00-19:00,,0m,No,No,Yes,No,No main entrance to facility. You will be screened and then will go to registration.,Situé dans le bâtiment directement en face de l’hôpital. Un stationnement est disponible directement en face du bâtiment.,,,,,Closed,,
Oakridge Arena,London Health Sciences / St. Joseph's Healthcare London / Middlesex PHU,https://www.healthunit.com/covid-19-concerns,,,No,,,,,,,,,,,,,,,,No,,,,,,,,,,,,,,,,,,,,,,,,,,,,,,
Rural Wellington Assessment Centre / Mount Forest & District Sports Complex,Mount Forest Family Health Team,https://www.wdgpublichealth.ca/your-health/covid-19-information-public/assessment-centres-wdg,519-323-0255 ext. 5082,,No,Philip,Sent email through contact form,,,,,,,,,,,,,,No,Philip,Sent email through contact form,,,,,,,,,,,,,,,2y,No,No,,Yes,Enter at the main entrance. Clients with appointments will be served prior to drop-ins.,,,Yes,,,Closed,,
Niagara Health Greater Niagara General Site,Niagara Health Greater Niagara General Site,https://www.niagarahealth.on.ca/site/news/2020/03/24/niagara-healths-covid-19-assessment-centres,905-378-4647 ext 42819,,No,,,,,,,,,,,,,,,,No,,,,,,,,,,,,,,,9:00-17:00,9:00-17:00,,,,,,,,,,,,Closed,,
Niagara Health St. Catharines Site,Niagara Health St. Catharines Site,https://www.niagarahealth.on.ca/site/news/2020/03/24/niagara-healths-covid-19-assessment-centres,905-378-4647 ext 42819,,No,,,,,,,,,,,,,,,,No,,,,,,,,,,,,,,,9:00-17:00,9:00-17:00,,,,,,,,,,,,Closed,,
Rural Lambton Assessment Center,Bluewater Health,https://lambtonpublichealth.ca/2019-novel-coronavirus/testing-criteria/,519-882-2500,,No,,,,,,,,,,,,,,,,No,,,,,,,,,,,,,,,9:00-12:00,,0m,No,No,,No,,,,Yes,,,,,
Six Nations COVID-19 Assessment & Drive-Through Test Centre,Restricted to Six Nations members and providers only,,,,No,,,,,,,,,,,,,,,,No,,,,,,,,,,,,,,,8:00-20:00,8:00-20:00,,,,,,,,Six Nations of the Grand River,,,,Closed,,
South Bruce Grey Health Centre - Kincardine Campus,South Bruce Grey Health Centre,https://www.sbghc.on.ca/coronavirus/assessment-centres,519-370-2400 ext 4313,,No,,,,,,,,,,,,,,,,No,,,,,,,,,,,,,,,,,0m,Yes,No,,Yes,"Signage at the hospital driveway and parking area indicates which route to follow to access the assessment centre. Drive-through only, people are to remain in their car.",,,Yes,,,Closed,,
South Huron and Grand Bend Assessment Centre,South Huron Hospital Association – Grand Bend and Area CHC,https://lambtonpublichealth.ca/2019-novel-coronavirus/testing-criteria/,519-238-2362,Yes,No,,,,,,,,,,,,,,,Yes,No,,,,,,,,,,,,,,,,,0m,No,No,,No,Drive into parking lot. Park in the west parking spaces close to the fenced area. You will get instructions in-person on when to drive up to the test site.,Allez dans le stationnement. Stationnez-vous dans le stationnement Ouest près de la zone clôturée. On vous indiquera à quel moment vous diriger en voiture vers l’emplacement où sont effectués les tests.,,Yes,,,Closed,,
St. Joseph's Healthcare Hamilton - East End,St. Joseph's Healthcare Hamilton - East End,https://www.hamilton.ca/coronavirus/assessment-centres,905-974-9848,,No,,,,,,,,,,,,,,,,No,,,,,,,,,,,,,,,10:00-14:00,10:00-14:00,0m,No,No,Yes,Yes,Separate entrance with screener at the door.,,,,,,10:00-14:00,,
Carling Heights Optimist Community Centre,St. Joseph's Healthcare London and London Health Sciences Centre,https://www.healthunit.com/covid-19-concerns,,,No,,,,,,,,,,,,,,,,No,,,,,,,,,,,,,,,11:00-19:00,11:00-19:00,0m,Yes,No,,Yes,,,,Yes,,,,,
Kitchener-Waterloo-Wilmot-Wellesley-Woolwich (KW4) COVID-19 Assessment Centre - Westmount Plaza,St. Mary's General Hospital and Westmount Place Walk-In Clinic,,1-855-414-2255,,No,,,,,,,,,,,,,,,,No,,,,,,,,,,,,,,,,,6m,No,No,,Yes,Call ahead to arrange an appointment.,,,Yes,,,Closed,,
St. Mary's General Hospital - Bathurst Site,St. Mary's General Hospital Cardiac Rehabilitation Centre,https://www.smgh.ca/covid-19-testing-available-for-k-w-residents-with-symptoms-starting-may-16/,519-885-9517,,No,,,,,,,,,,,,,,,,No,,,,,,,,,,,,,,,9:00-17:00,9:00-17:00,0m,No,No,,Yes,,,,Yes,,,,,
St. Thomas Elgin General Hospital,St. Thomas Elgin General Hospital,https://www.stegh.on.ca/node/626,519-631-2030 ext. 6210,,No,,,,,,,,,,,,,,,,No,,,,,,,,,,,,,,,8:00-18:00,8:00-18:00,0m,,,,,,,,Yes,,,,,
Tillsonburg District Memorial Hospital,Tillsonburg District Memorial Hospital,,,No,No,,,,,,,,,,,,,,,No,No,,,,,,,,,,,,,,,,,0m,No,No,,No,Please call to schedule an appointment. Located in another building (not the hospital). There is front entrance and back exit for persons to follow to maintain a one-way flow through the building. Interpreter services can be arranged if known at the time of booking. Urgent bookings for symptomatic persons are available for same day.,,,Yes,,,,,
West Haldimand General Hospital,West Haldimand General Hospital,https://www.whgh.ca/,905-768-3311 Ext. 1113,,No,,,,,,,,,,,,,,,,No,,,,,,,,,,,,,,,,,,,,,,Located at the main doors of the building. Do not leave your car. Staff will come to you.,Situé à la porte principale du bâtiment. Ne sortez pas de votre véhicule. Un membre du personnel viendra vous voir.,,,,,,,
Windsor Regional Hospital - Ouellette Campus,Windsor Regional Hospital - Ouellette Campus,https://www.wrh.on.ca/coronavirus,519-254-5577,,No,,,,,,,,,,,,,,,,No,,,,,,,,,,,,,,,9:00-16:00,9:00-16:00,0m,Yes,Yes,,Yes,Located immediately south of the Emergency Department on Goyeau Street.,Situé immédiatement au sud du service des urgences sur la rue Goyeau.,,Yes,,,9:00-16:00,,
Woodstock General Hospital,Woodstock General Hospital,https://www.wgh.on.ca/,1-855-905-6148,Yes,No,,,,,,,,,,,,,,,Yes,No,,,,,,,,,,,,,,,10:00-20:00,10:00-20:00,0m,No,No,,Yes,Located in the trailer by the front entrance of the hospital. Parking is in the hospital visitor lot. You will be given all instructions at the time of your appointment booking.,Situé dans la roulotte à l’entrée avant de l’hôpital. Stationnez-vous dans le stationnement des visiteurs de l’hôpital.,,Yes,,,,,
Stratford General Hospital,Stratford General Hospital,,519-272-8210 ext 2747,,No,,,,,,,,,,,,,,,,No,,,,,,,,,,,,,,,,,2y,Yes,No,,Yes,Drive-through by appointment only. Clients should bring their health card. French language services available upon request when booking the appointment.,,,Yes,,,,,
Niagara Health - Welland Hospital Site (WHS),Niagara Health,https://www.niagarahealth.on.ca/site/news/2020/05/25/niagara-health-expands-testing-at-assessment-centres,905-378-4647 ext 42819,,No,,,,,,,,,,,,,,,,No,,,,,,,,,,,,,,,,,,,,,,Patients are encouraged to call the centre for an appointment and instructions on how to access the centre. Dedicated parking spots can be accessed from MacLean Place and Plymouth Road. Walk-ins are accepted until 16:30 on days of operation.,Nous encourageons les patients à téléphoner au centre pour prendre rendez-vous et obtenir des directives sur la façon d'accéder au centre. ll est possible d'avoir accès à des places de stationnement réservées à partir de Place MacLean et du chemin Plymouth. Les consultations sans rendez-vous sont acceptées jusqu'à 16 h 30 durant les jours d'ouverture.,,,,,Closed,,
Killaloe - Killaloe Curling Club/Renfrew County Virtual Triage and Assessment Centre,Arnprior Regional Health,,1-844-727-6404,,No,,,,,,,,,,,,,,,,No,,,,,,,,,,,,,,,,,0m,,,,,Call ahead and have your OHIP card ready. A medical receptionist will take your details and arrange for a physician or nurse practitioner to contact you via telephone. Areas of focus are patients without a family physician and those with potential COVID.,Téléphonez à l'avance et ayez votre carte Santé à portée de la main. Un ou une réceptionniste médical-e prendra en note vos renseignements et veillera à ce qu'un médecin ou un membre du personnel infirmier communique avec vous par téléphone. La priorité est accordée aux patients sans médecin de famille et à ceux possiblement atteints de la COVID.,,,,,,,
Royal Victoria Regional Health Centre - Clinic C,Royal Victoria Regional Health Centre,https://www.rvh.on.ca/SitePages/coronavirus.aspx,,,No,Uttara,Collected hospital contact info,bcfmc.info@bcfht.ca,Barrie and Community main line,,,,,,,,,,,,No,Uttara,Collected hospital contact info,bcfmc.info@bcfht.ca,Barrie and Community main line,,,,,,,,,,,8:00-20:00,8:00-20:00,6m,Yes,Yes,Yes,Yes,Please arrive to atrium entrance and remain in your car. For pedestrian traffic please walk up and sit on the bench. This clinic is for people that are asymptomatic but want to be tested.,"Veuillez vous présenter à l'entrée de l'atrium et demeurer dans votre voiture. Pour les piétons, veuillez vous avancer jusqu'au banc et vous asseoir. Cette clinique est à l'intention des personnes asymptomatiques qui désirent subir un test de dépistage.",,,,,,,
North Durham COVID-19 Assessment Centre,Medical Associates of Port Perry and Uxbridge Family Health Center,https://www.lakeridgehealth.on.ca/en/patientsandvisitors/novel-coronavirus-2019-ncov.asp,,NULL,NULL,NULL,NULL,NULL,NULL,NULL,NULL,NULL,NULL,NULL,NULL,NULL,NULL,NULL,NULL,NULL,NULL,NULL,NULL,NULL,NULL,NULL,NULL,NULL,NULL,NULL,NULL,NULL,NULL,NULL,NULL,12:00-16:00,12:00-16:00,,,,,,Register at the website provided.,,,,,,,,
Goderich Assessment Centre,"Maitland Valley Family Health Team, Alexandra Marine and General Hospital, Huron Perth Public Health",https://www.hpph.ca/en/news/coronavirus-covid19-update.aspx#Testing-tracing-and-results-for-COVID-19,519 524 6060 ext. 263,NULL,NULL,NULL,NULL,NULL,NULL,NULL,NULL,NULL,NULL,NULL,NULL,NULL,NULL,NULL,NULL,NULL,NULL,NULL,NULL,NULL,NULL,NULL,NULL,NULL,NULL,NULL,NULL,NULL,NULL,NULL,NULL,,,0m,No,No,,No,Stay in your car and drive up to the underpass. Do not leave your car.,,,Yes,,,Closed,,
Garnet B. Rickard Recreation Complex,Lakeridge Health,,,NULL,NULL,NULL,NULL,NULL,NULL,NULL,NULL,NULL,NULL,NULL,NULL,NULL,NULL,NULL,NULL,NULL,NULL,NULL,NULL,NULL,NULL,NULL,NULL,NULL,NULL,NULL,NULL,NULL,NULL,NULL,NULL,,,,,,,,"Enter through West entrance sliding doors, and follow directions to Main Function Hall through the right side hallway. Closed Wednesday, August 26.",,,,,,,,
